City_ID,City,Country,Lat,Lng,Max Temp,Humidity,Cloudiness,Wind Speed,Current Description
0,Hasaki,JP,35.7333,140.8333,66.6,81,100,5.41,overcast clouds
1,Carnarvon,AU,-24.8667,113.6333,60.87,82,98,5.75,overcast clouds
2,Hamilton,US,39.1834,-84.5333,84.78,53,20,1.99,few clouds
3,Faanui,PF,-16.4833,-151.75,80.83,73,99,8.5,overcast clouds
4,Hermanus,ZA,-34.4187,19.2345,53.8,59,0,4.38,clear sky
5,Codrington,AU,-38.2667,141.9667,52.97,90,100,7.78,overcast clouds
6,Vaini,TO,-21.2,-175.2,64.56,94,20,1.14,few clouds
7,Port Alfred,ZA,-33.5906,26.891,61.88,81,0,13.69,clear sky
8,Tuktoyaktuk,CA,69.4541,-133.0374,33.8,86,90,13.8,overcast clouds
9,Jamestown,US,42.097,-79.2353,83.08,44,1,16.11,clear sky
10,Ushuaia,AR,-54.8,-68.3,33.42,86,40,5.75,scattered clouds
11,Paraiso,CR,9.8383,-83.8656,76.96,70,87,3.29,overcast clouds
12,Kaitangata,NZ,-46.2817,169.8464,44.92,78,100,5.88,overcast clouds
13,Sinnamary,GF,5.3833,-52.95,82.29,77,58,11.27,heavy intensity rain
14,Derzhavinsk,KZ,51.1,66.3167,60.84,34,93,8.21,overcast clouds
15,Berdigestyakh,RU,62.0989,126.6992,55.06,70,91,9.22,overcast clouds
16,Albany,US,42.6001,-73.9662,86.61,55,16,1.99,few clouds
17,Punta Arenas,CL,-53.15,-70.9167,39.31,87,20,8.03,few clouds
18,Saint-Pierre,RE,-21.3393,55.4781,74.84,91,90,3.44,light rain
19,Cape Town,ZA,-33.9258,18.4232,63.27,55,0,3.53,clear sky
20,Avarua,CK,-21.2078,-159.775,73.45,94,75,10.36,light rain
21,Cidreira,BR,-30.1811,-50.2056,77.49,58,0,5.97,clear sky
22,Broome,US,42.2506,-75.833,86.02,49,1,3.0,clear sky
23,Hobart,AU,-42.8794,147.3294,47.01,73,90,1.99,overcast clouds
24,Gizo,SB,-8.103,156.8419,81.03,77,99,5.41,overcast clouds
25,Vardo,NO,70.3705,31.1107,44.58,70,40,21.85,scattered clouds
26,Chuy,UY,-33.6971,-53.4616,65.79,95,100,7.25,heavy intensity rain
27,Ano Mera,GR,37.45,25.4,75.58,53,0,18.41,clear sky
28,Busselton,AU,-33.65,115.3333,56.08,76,12,10.85,few clouds
29,Nanortalik,GL,60.1432,-45.2371,45.97,65,99,11.79,overcast clouds
30,Gat,IL,31.61,34.7642,76.82,29,0,11.7,clear sky
31,Longyearbyen,SJ,78.2186,15.6401,35.44,69,75,10.36,broken clouds
32,Fortuna,US,40.5982,-124.1573,66.18,66,1,5.01,clear sky
33,Chokurdakh,RU,70.6333,147.9167,49.5,78,98,8.63,light rain
34,Vila Franca Do Campo,PT,37.7167,-25.4333,68.41,69,78,5.14,broken clouds
35,Atuona,PF,-9.8,-139.0333,78.33,76,91,13.0,overcast clouds
36,Saint George,US,37.1041,-113.5841,97.27,17,1,1.01,clear sky
37,Baghdad,IQ,33.3406,44.4009,100.31,13,0,14.12,clear sky
38,Benghazi,LY,32.1167,20.0667,74.16,58,57,19.82,broken clouds
39,Hilo,US,19.7297,-155.09,77.29,73,75,3.44,broken clouds
40,Itarema,BR,-2.9248,-39.9167,88.03,49,0,12.66,clear sky
41,Egvekinot,RU,66.3167,-179.1667,31.84,84,97,1.23,overcast clouds
42,Divnogorsk,RU,55.9594,92.3619,48.69,81,100,4.0,overcast clouds
43,Thompson,CA,55.7435,-97.8558,55.56,76,75,6.91,broken clouds
44,Bethel,US,41.3712,-73.414,89.02,61,1,5.01,clear sky
45,Bengkulu,ID,-3.8004,102.2655,76.51,91,22,4.7,few clouds
46,Rikitea,PF,-23.1203,-134.9692,75.33,80,100,10.11,overcast clouds
47,Borzna,UA,51.2546,32.4269,63.09,78,98,4.43,light rain
48,Cabo San Lucas,MX,22.8909,-109.9124,97.81,37,1,9.22,clear sky
49,Ugep,NG,5.8086,8.0812,75.29,89,100,3.98,overcast clouds
50,Barcelos,PT,41.5388,-8.6151,83.28,44,28,10.96,scattered clouds
51,Nikolskoye,RU,59.7035,30.7861,74.8,48,75,4.09,broken clouds
52,Bluff,NZ,-46.6,168.3333,49.8,65,90,8.99,overcast clouds
53,Mataura,NZ,-46.1927,168.8643,49.48,95,57,1.45,broken clouds
54,Hithadhoo,MV,-0.6,73.0833,83.21,74,100,13.62,overcast clouds
55,Colares,PT,38.7992,-9.4469,78.48,55,20,20.56,few clouds
56,Almeria,ES,37.1667,-2.3333,68.43,67,98,0.56,overcast clouds
57,Taltal,CL,-25.4,-70.4833,65.32,69,51,5.84,broken clouds
58,Fairview,US,40.8126,-73.999,90.79,53,1,6.91,clear sky
59,Bayir,TR,37.2687,28.2167,77.83,22,0,14.43,clear sky
60,Arraial Do Cabo,BR,-22.9661,-42.0278,80.56,69,20,19.57,few clouds
61,Mirabad,AF,30.4362,61.8383,104.63,3,0,10.51,clear sky
62,Mamakan,RU,57.8161,114.0028,60.22,89,95,1.66,overcast clouds
63,Zhanaozen,KZ,43.3,52.8,88.45,23,7,12.26,clear sky
64,Namibe,AO,-15.1961,12.1522,77.65,54,1,5.7,clear sky
65,Sabha,LY,27.0377,14.4283,96.15,12,0,18.01,clear sky
66,East London,ZA,-33.0153,27.9116,61.74,77,0,5.75,clear sky
67,Ponta Do Sol,PT,32.6667,-17.1,72.72,62,51,2.04,broken clouds
68,Puerto Ayora,EC,-0.7393,-90.3518,78.76,83,98,8.01,overcast clouds
69,Jinchang,CN,38.4953,102.1739,78.96,10,90,8.3,overcast clouds
70,Totness,SR,5.8833,-56.3167,82.67,76,59,8.63,broken clouds
71,Pisco,PE,-13.7,-76.2167,66.25,72,47,8.05,scattered clouds
72,New Norfolk,AU,-42.7826,147.0587,46.65,66,64,2.59,broken clouds
73,Dhankuta,NP,26.9833,87.3333,71.94,68,5,5.64,clear sky
74,Morgan City,US,29.6994,-91.2068,75.99,94,90,7.43,light rain
75,Butaritari,KI,3.0707,172.7902,82.31,69,52,5.79,broken clouds
76,Pitkyaranta,RU,61.5734,31.4792,59.63,63,100,1.9,overcast clouds
77,Mildura,AU,-34.2,142.15,48.16,87,40,5.75,scattered clouds
78,Victoria,HK,22.2855,114.1577,83.32,73,67,1.01,broken clouds
79,Nelson Bay,AU,-32.7167,152.15,50.0,63,83,14.61,broken clouds
80,Kodiak,US,57.79,-152.4072,51.31,58,20,8.05,few clouds
81,Diamantino,BR,-14.4086,-56.4461,91.36,30,81,10.29,broken clouds
82,Wankaner,IN,22.6167,70.9333,89.67,53,16,18.72,light rain
83,Usinsk,RU,65.9939,57.5281,59.2,59,100,7.14,overcast clouds
84,Chapais,CA,49.7834,-74.8492,58.78,92,100,8.55,overcast clouds
85,Korla,CN,41.7597,86.1469,81.95,20,42,8.28,scattered clouds
86,Erenhot,CN,43.6475,111.9767,68.23,29,2,11.56,clear sky
87,Samarai,PG,-10.6167,150.6667,77.86,88,100,15.64,overcast clouds
88,Kavaratti,IN,10.5669,72.642,82.76,77,100,13.65,overcast clouds
89,Saskylakh,RU,71.9167,114.0833,36.79,77,96,5.55,overcast clouds
90,Saint-Philippe,RE,-21.3585,55.7679,74.75,84,45,4.74,light rain
91,Barreiro,PT,38.6631,-9.0724,78.75,50,0,12.66,clear sky
92,Sao Felix Do Xingu,BR,-6.6447,-51.995,91.38,41,9,6.35,clear sky
93,Norman Wells,CA,65.282,-126.8329,46.44,76,75,12.66,light rain
94,Uusikaupunki,FI,60.8004,21.4084,72.12,52,1,5.17,clear sky
95,Bredasdorp,ZA,-34.5322,20.0403,56.52,88,0,2.89,clear sky
96,Cascais,PT,38.6979,-9.4215,78.66,54,20,11.01,few clouds
97,Gornozavodsk,RU,58.3758,58.3211,61.74,63,16,2.8,few clouds
98,Kavieng,PG,-2.5744,150.7967,81.32,81,83,8.97,moderate rain
99,Darab,IR,28.7519,54.5444,95.25,7,5,5.3,clear sky
100,Tazovskiy,RU,67.4667,78.7,32.07,81,59,16.42,broken clouds
101,Maniitsoq,GL,65.4167,-52.9,38.39,96,100,11.61,overcast clouds
102,Uvira,CD,-3.4067,29.1458,76.87,76,51,4.65,broken clouds
103,Atar,MR,20.5169,-13.0499,102.81,14,55,20.62,broken clouds
104,Kasongo-Lunda,CD,-6.4667,16.8167,86.18,35,73,4.23,broken clouds
105,Souillac,MU,-20.5167,57.5167,74.35,83,40,7.74,scattered clouds
106,Hajipur,IN,25.6833,85.2167,85.98,51,20,9.46,haze
107,Kamaishi,JP,39.2667,141.8833,61.68,87,100,6.29,overcast clouds
108,Bathsheba,BB,13.2167,-59.5167,86.61,58,40,20.36,scattered clouds
109,Port Elizabeth,ZA,-33.918,25.5701,62.89,82,0,9.22,clear sky
110,Aklavik,CA,68.2191,-135.0107,34.63,100,90,10.36,mist
111,Roald,NO,62.5833,6.1333,70.16,82,75,5.75,broken clouds
112,Yakima,US,46.4665,-120.6678,67.93,39,75,15.57,broken clouds
113,Port Hedland,AU,-20.3167,118.5667,71.65,64,90,3.44,overcast clouds
114,Esperance,AU,-33.8667,121.9,53.44,59,100,13.29,overcast clouds
115,Kasongo,CD,-4.45,26.6667,81.03,50,29,2.46,scattered clouds
116,Mpanda,TZ,-6.3655,31.0409,74.68,54,100,0.69,overcast clouds
117,Padang,ID,-0.9492,100.3543,76.17,86,100,4.16,overcast clouds
118,Glens Falls,US,43.3095,-73.644,87.71,56,1,1.99,clear sky
119,San Patricio,US,28.017,-97.5169,86.02,65,3,6.96,clear sky
120,Deputatskiy,RU,69.3,139.9,49.17,82,100,4.65,overcast clouds
121,Guerrero Negro,MX,27.9769,-114.0611,69.62,58,5,11.03,clear sky
122,Castro,BR,-24.7911,-50.0119,73.24,48,1,8.93,clear sky
123,Pinega,RU,64.7001,43.3936,75.76,32,9,9.08,clear sky
124,Acarau,BR,-2.8856,-40.12,87.44,53,0,11.36,clear sky
125,Ribeira Grande,PT,38.5167,-28.7,70.2,78,20,11.5,few clouds
126,Upernavik,GL,72.7868,-56.1549,37.54,83,57,2.73,broken clouds
127,Urengoy,RU,65.9667,78.3667,37.98,65,88,17.02,overcast clouds
128,Ormara,PK,25.2088,64.6357,84.22,77,17,4.23,few clouds
129,Joao Pinheiro,BR,-17.7425,-46.1725,81.0,40,65,9.01,broken clouds
130,Chuguyevka,RU,44.1653,133.8633,53.53,89,99,2.3,overcast clouds
131,Tefe,BR,-3.3542,-64.7114,82.51,83,40,0.0,scattered clouds
132,Kaihua,CN,23.3687,104.28,65.23,97,54,4.29,broken clouds
133,Suratgarh,IN,29.3167,73.9,93.2,32,73,13.18,broken clouds
134,Bintawan,PH,16.5759,121.1876,75.49,93,70,2.75,broken clouds
135,Bulgan,MN,48.8125,103.5347,57.65,79,100,4.25,light rain
136,Khatanga,RU,71.9667,102.5,32.83,89,98,6.64,overcast clouds
137,Bambous Virieux,MU,-20.3428,57.7575,74.21,83,40,8.84,scattered clouds
138,Lahat,ID,-3.8,103.5333,73.15,95,12,3.09,few clouds
139,Abay,KZ,49.6311,72.8539,44.98,43,0,9.42,clear sky
140,Mae Sot,TH,16.7167,98.5667,75.06,95,99,3.09,moderate rain
141,Asau,RO,46.4333,26.4,69.28,59,78,6.06,broken clouds
142,Linkoping,SE,58.4109,15.6216,80.26,33,48,6.91,scattered clouds
143,Inhambane,MZ,-23.865,35.3833,69.78,60,20,6.91,few clouds
144,Banda Aceh,ID,5.5577,95.3222,79.95,79,100,11.34,overcast clouds
145,Katsuura,JP,35.1333,140.3,72.1,89,96,9.84,overcast clouds
146,Masterton,NZ,-40.9597,175.6575,58.78,78,94,4.72,overcast clouds
147,Maceio,BR,-9.6658,-35.7353,78.24,88,75,14.74,broken clouds
148,Paita,PE,-5.0892,-81.1144,75.76,70,13,9.62,few clouds
149,Ayan,RU,56.45,138.1667,38.95,92,100,9.53,overcast clouds
150,Kupang,ID,-10.1667,123.5833,77.14,84,31,12.01,scattered clouds
151,Kazuno,JP,40.1836,140.7872,55.24,67,80,3.18,broken clouds
152,Mathathane,BW,-22.2687,28.7495,57.42,35,3,10.89,clear sky
153,Qaanaaq,GL,77.484,-69.3632,38.07,82,100,5.14,overcast clouds
154,Olean,US,42.0776,-78.4297,82.65,38,1,15.7,clear sky
155,Rawson,AR,-43.3002,-65.1023,52.21,43,1,24.58,clear sky
156,Severo-Kurilsk,RU,50.6789,156.125,42.04,95,100,20.8,moderate rain
157,Marawi,PH,7.9986,124.2928,69.66,93,93,2.28,overcast clouds
158,Yaizu,JP,34.8667,138.3333,71.17,88,90,4.61,light rain
159,Bandarbeyla,SO,9.4942,50.8122,80.02,84,99,26.28,overcast clouds
160,Geraldton,AU,-28.7667,114.6,50.41,87,0,7.34,clear sky
161,Hami,CN,42.8,93.45,75.51,34,100,5.97,overcast clouds
162,Westport,US,41.1415,-73.3579,90.28,55,1,3.0,clear sky
163,Klaksvik,FO,62.2266,-6.589,52.72,90,55,13.15,broken clouds
164,Copiapo,CL,-27.3667,-70.3333,56.89,47,33,4.99,scattered clouds
165,Abu Kamal,SY,34.4506,40.9171,88.74,19,0,8.9,clear sky
166,Jinxiang,CN,27.4327,120.6062,69.64,90,79,2.15,broken clouds
167,Barra Patuca,HN,15.8,-84.2833,86.25,66,69,11.86,broken clouds
168,Lebu,CL,-37.6167,-73.65,52.84,68,85,10.22,overcast clouds
169,Awjilah,LY,29.1081,21.2869,87.71,14,0,10.87,clear sky
170,Tommot,RU,58.9564,126.2925,54.88,57,59,3.38,broken clouds
171,Mahebourg,MU,-20.4081,57.7,74.25,83,40,5.75,scattered clouds
172,Puerto Penasco,MX,31.3167,-113.5333,81.91,60,2,14.0,clear sky
173,Ugoofaaru,MV,5.6667,73.0,82.74,77,97,15.52,overcast clouds
174,Cherskiy,RU,68.75,161.3,58.87,44,46,14.23,scattered clouds
175,Bowral,AU,-34.4667,150.4167,44.13,55,77,9.75,broken clouds
176,Falmouth,GB,50.1544,-5.0711,59.9,95,90,12.44,overcast clouds
177,Port-Gentil,GA,-0.7193,8.7815,82.36,78,75,14.97,broken clouds
178,Saryagash,KZ,41.4511,69.1701,91.36,19,84,8.21,broken clouds
179,Madang,PG,-5.2246,145.7966,75.4,92,72,4.09,broken clouds
180,Le Vauclin,MQ,14.5452,-60.8388,86.05,66,75,16.98,broken clouds
181,Iqaluit,CA,63.7506,-68.5145,33.53,93,75,8.01,light snow
182,Vestmannaeyjar,IS,63.4427,-20.2734,47.39,100,90,23.02,mist
183,Tibasosa,CO,5.75,-73.0,65.55,68,38,5.21,scattered clouds
184,Mancio Lima,BR,-7.6142,-72.8958,84.27,84,75,2.53,broken clouds
185,Rovaniemi,FI,66.5,25.7167,65.61,59,93,6.91,moderate rain
186,Waipawa,NZ,-41.4122,175.5153,54.93,79,83,5.84,broken clouds
187,Tabou,CI,4.423,-7.3528,81.39,79,82,10.11,light rain
188,Waingapu,ID,-9.6567,120.2641,76.15,88,78,6.82,broken clouds
189,Dikson,RU,73.5069,80.5464,30.72,98,99,13.82,light snow
190,Tiksi,RU,71.6872,128.8694,34.0,79,100,3.94,overcast clouds
191,Gornopravdinsk,RU,60.05,69.9,62.64,60,63,7.96,broken clouds
192,Chimore,BO,-16.9833,-65.1333,85.77,52,82,5.84,broken clouds
193,Yantal,RU,56.8471,105.2542,51.15,94,100,6.6,overcast clouds
194,Mar Del Plata,AR,-38.0023,-57.5575,60.1,38,0,1.99,clear sky
195,Shimoda,JP,34.6667,138.95,71.17,86,98,13.18,overcast clouds
196,Dunedin,NZ,-45.8742,170.5036,50.81,60,100,15.01,overcast clouds
197,Quatre Cocos,MU,-20.2078,57.7625,74.08,74,16,7.9,few clouds
198,Ammon,US,43.4696,-111.9666,77.95,46,1,1.99,clear sky
199,Korisos,GR,40.5,21.3833,76.96,54,40,3.83,scattered clouds
200,Garowe,SO,8.4054,48.4845,87.96,37,14,15.05,few clouds
201,Wajima,JP,37.4,136.9,64.44,81,100,11.05,overcast clouds
202,Lexington,US,37.9887,-84.4777,82.29,53,0,1.01,clear sky
203,Sao Joao Da Barra,BR,-21.6403,-41.0511,78.89,73,11,6.2,few clouds
204,Omboue,GA,-1.5746,9.2618,78.6,86,100,7.14,overcast clouds
205,Ampanihy,MG,-24.7,44.75,63.57,83,57,10.13,broken clouds
206,Kahului,US,20.8947,-156.47,76.84,74,20,13.8,few clouds
207,Cimislia,MD,46.52,28.7842,75.34,63,100,2.91,overcast clouds
208,Gravdal,NO,68.1214,13.5031,51.71,75,25,11.01,scattered clouds
209,Ashland,US,40.8167,-82.2665,83.88,48,1,12.66,clear sky
210,Kruisfontein,ZA,-34.0033,24.7314,57.88,61,0,6.71,clear sky
211,Aksu,CN,41.1231,80.2644,81.79,17,36,9.46,scattered clouds
212,Warman,CA,52.3168,-106.5679,73.09,52,75,11.59,broken clouds
213,Saldanha,ZA,-33.0117,17.9442,69.85,53,1,10.4,clear sky
214,Gamba,GA,-2.65,10.0,78.35,83,63,7.47,broken clouds
215,Palampur,IN,32.1167,76.5333,71.11,57,97,6.42,overcast clouds
216,Tasiilaq,GL,65.6145,-37.6368,41.16,98,100,7.38,light rain
217,Pyinmana,MM,19.7333,96.2167,80.98,76,99,5.06,overcast clouds
218,Kuala Lipis,MY,4.1842,102.0468,73.71,96,73,0.89,broken clouds
219,Mosquera,CO,4.7059,-74.2302,66.29,55,40,10.36,scattered clouds
220,Airai,TL,-8.9266,125.4092,57.61,93,68,3.13,broken clouds
221,Vanavara,RU,60.34,102.2797,41.25,59,99,1.77,overcast clouds
222,Pevek,RU,69.7008,170.3133,42.21,92,100,12.15,overcast clouds
223,Beyneu,KZ,45.3167,55.2,83.79,34,26,20.69,scattered clouds
224,Vila,PT,42.0304,-8.1588,73.74,46,26,6.2,scattered clouds
225,Manaure,CO,11.7751,-72.4445,88.66,55,100,19.22,overcast clouds
226,Kapaa,US,22.0752,-159.319,75.52,75,1,13.62,clear sky
227,Ust-Ishim,RU,57.6935,71.1665,60.37,62,50,7.65,scattered clouds
228,Florida,US,28.7505,-82.5001,88.99,69,75,7.63,broken clouds
229,Georgetown,MY,5.4112,100.3354,80.53,91,40,2.3,heavy intensity rain
230,Vila Velha,BR,-20.3297,-40.2925,79.97,83,75,3.44,broken clouds
231,Rundu,NA,-17.9333,19.7667,59.95,30,0,7.29,clear sky
232,Brae,GB,60.3964,-1.353,51.71,65,11,5.86,few clouds
233,Pineville,US,31.3224,-92.4343,79.09,83,1,1.01,clear sky
234,Najran,SA,17.4924,44.1277,93.85,10,10,6.78,clear sky
235,Ozernovskiy,RU,51.5,156.5167,44.62,86,100,19.33,light rain
236,Coihaique,CL,-45.5752,-72.0662,46.35,53,75,4.61,broken clouds
237,Poretskoye,RU,55.1974,46.3291,59.2,80,72,7.92,broken clouds
238,Bandarban,BD,22.1965,92.2262,77.41,96,100,2.8,overcast clouds
239,Te Anau,NZ,-45.4167,167.7167,39.06,91,25,1.79,scattered clouds
240,Owando,CG,-0.4819,15.8999,80.38,66,91,1.36,overcast clouds
241,Bodden Town,KY,19.2833,-81.25,85.98,55,20,4.0,few clouds
242,Lata,PT,40.1629,-8.3327,82.04,46,9,10.87,clear sky
243,Mount Gambier,AU,-37.8333,140.7667,53.51,100,90,10.36,fog
244,Vostok,RU,46.4856,135.8833,45.99,95,77,2.48,broken clouds
245,Saint-Joseph,RE,-21.3667,55.6167,73.76,83,29,1.23,light rain
246,Puerto Narino,CO,-3.7703,-70.3831,82.35,81,45,1.34,scattered clouds
247,Torphins,GB,57.1056,-2.624,67.28,64,57,9.73,broken clouds
248,Karonga,MW,-9.9333,33.9333,71.47,77,52,15.17,light rain
249,Palu,ID,-0.8917,119.8707,76.55,96,92,2.3,light rain
250,Berlevag,NO,70.8578,29.0864,42.24,75,69,16.89,broken clouds
251,Nome,US,64.5011,-165.4064,33.87,86,90,6.91,light snow
252,Faya,SA,18.3851,42.4509,75.72,57,13,6.49,few clouds
253,Dzaoudzi,YT,-12.7887,45.2699,80.49,74,90,25.32,overcast clouds
254,Kieta,PG,-6.2167,155.6333,78.15,85,20,5.41,few clouds
255,Khash,IR,28.2211,61.2158,88.47,4,0,8.57,clear sky
256,Stornoway,GB,58.2093,-6.3865,58.93,88,75,12.66,broken clouds
257,Khirkiya,IN,22.1674,76.8605,88.0,49,97,4.63,overcast clouds
258,Batagay-Alyta,RU,67.8006,130.4114,37.36,96,100,7.74,moderate rain
259,Beloha,MG,-25.1667,45.05,64.92,74,63,10.58,broken clouds
260,Tura,IN,25.5198,90.2201,74.66,95,76,7.09,light rain
261,Agadez,NE,19.75,10.25,104.65,8,49,10.4,scattered clouds
262,Liepaja,LV,56.5419,21.0367,69.78,40,4,6.91,clear sky
263,Avera,US,33.194,-82.5271,87.67,58,100,5.44,overcast clouds
264,Kilindoni,TZ,-7.9139,39.6668,79.61,73,53,21.18,light rain
265,Ewa Beach,US,21.3156,-158.0072,76.08,68,1,11.01,clear sky
266,Kurumkan,RU,54.3,110.3,65.79,36,42,1.95,scattered clouds
267,Barrow,US,71.2906,-156.7887,30.22,93,90,10.36,mist
268,Venice,US,27.0998,-82.4543,89.06,68,1,8.01,clear sky
269,Cabedelo,BR,-6.9811,-34.8339,84.87,68,16,14.25,few clouds
270,Saint-Augustin,CA,51.226,-58.6502,51.28,85,99,8.75,overcast clouds
271,Hambantota,LK,6.1241,81.1185,79.57,83,52,15.08,broken clouds
272,Olinda,BR,-8.0089,-34.8553,80.33,65,40,10.18,scattered clouds
273,Alamos,MX,27.0167,-108.9333,85.71,17,0,4.52,clear sky
274,Parfino,RU,57.9731,31.6481,66.11,66,29,5.32,scattered clouds
275,Saint Anthony,US,45.0205,-93.218,90.1,42,1,3.0,clear sky
276,Sarkikaraagac,TR,38.0794,31.3664,56.48,48,65,6.64,broken clouds
277,Olafsvik,IS,64.8945,-23.7142,47.89,89,100,6.33,light rain
278,Ilulissat,GL,69.2167,-51.1,42.82,65,1,8.05,clear sky
279,Narsaq,GL,60.9167,-46.05,61.02,59,98,7.74,overcast clouds
280,Lagos,NG,6.5833,3.75,82.72,90,98,5.19,moderate rain
281,Dwarka,IN,22.2394,68.9678,85.19,69,34,14.41,scattered clouds
282,Alofi,NU,-19.0595,-169.9187,71.49,78,82,10.36,broken clouds
283,Kysyl-Syr,RU,63.8986,122.7617,43.45,89,100,3.11,overcast clouds
284,Kiruna,SE,67.8557,20.2251,59.92,36,88,16.11,overcast clouds
285,Sitka,US,57.0531,-135.33,49.89,81,75,4.61,broken clouds
286,Mandan,US,46.8267,-100.8896,91.38,37,1,9.22,clear sky
287,Yarada,IN,17.65,83.2667,86.32,84,20,13.47,few clouds
288,Port-Cartier,CA,50.0334,-66.8654,51.93,98,100,1.74,overcast clouds
289,Mocuba,MZ,-16.8392,36.9856,61.25,94,63,4.18,broken clouds
290,Oliveira Dos Brejinhos,BR,-12.3169,-42.8961,90.75,28,42,9.44,scattered clouds
291,Jasper,US,37.2001,-94.3502,80.06,61,1,5.01,clear sky
292,Pangoa,PE,-12.1167,-73.0,83.73,53,27,4.47,scattered clouds
293,Ancud,CL,-41.8697,-73.8203,49.53,70,72,3.22,light rain
294,Rocha,UY,-34.4833,-54.3333,58.69,98,100,8.9,light rain
295,Masuda,JP,34.6667,131.85,64.35,81,100,5.93,light rain
296,Yellowknife,CA,62.456,-114.3525,61.32,63,75,3.44,broken clouds
297,Marovoay,MG,-16.1,46.6333,80.74,73,33,3.49,scattered clouds
298,Eureka,US,40.8021,-124.1637,63.19,62,84,5.99,broken clouds
299,Mount Isa,AU,-20.7333,139.5,60.57,44,75,10.36,broken clouds
300,College,US,64.8569,-147.8028,56.08,67,40,3.44,scattered clouds
301,Luwuk,ID,-0.9516,122.7875,76.82,81,96,4.65,overcast clouds
302,Balkanabat,TM,39.5108,54.3671,79.83,41,0,8.61,clear sky
303,Moerai,PF,-22.4333,-151.3333,74.97,83,100,12.03,light rain
304,Yuancheng,CN,36.652,107.7896,68.52,22,5,5.95,clear sky
305,Poum,NC,-20.2333,164.0167,73.45,80,100,23.15,overcast clouds
306,Champerico,GT,14.3,-91.9167,93.34,68,100,6.51,overcast clouds
307,Guatire,VE,10.4762,-66.5427,82.9,93,99,3.67,overcast clouds
308,Izazi,TZ,-7.2,35.7333,75.34,56,86,7.78,overcast clouds
309,Paramonga,PE,-10.6667,-77.8333,69.1,72,51,9.91,broken clouds
310,Kastamonu,TR,41.5,33.6667,49.98,83,97,2.28,overcast clouds
311,Bonavista,CA,48.6499,-53.1147,50.0,78,93,9.51,overcast clouds
312,Neiafu,TO,-18.65,-173.9833,75.56,69,42,17.29,scattered clouds
313,Sur,OM,22.5667,59.5289,89.96,57,0,11.77,clear sky
314,Depew,US,42.904,-78.6923,84.56,63,75,8.01,broken clouds
315,Hirado,JP,33.3597,129.5531,65.35,88,99,9.73,overcast clouds
316,Balikpapan,ID,-1.2675,116.8289,77.85,87,40,4.12,scattered clouds
317,Aransas Pass,US,27.9095,-97.15,85.21,75,40,4.0,scattered clouds
318,Taoudenni,ML,22.6783,-3.9836,115.99,4,10,3.29,clear sky
319,Rosarito,MX,32.3333,-117.0333,71.08,70,23,6.71,few clouds
320,Sudak,UA,44.85,34.9667,64.06,73,93,4.76,overcast clouds
321,Petropavlovsk-Kamchatskiy,RU,53.0452,158.6483,39.79,100,90,17.22,light rain
322,Miandrivazo,MG,-19.5167,45.4667,70.07,82,25,1.25,scattered clouds
323,Arlit,NE,18.7369,7.3853,110.03,5,78,15.86,broken clouds
324,Hue,VN,16.4667,107.6,80.71,83,20,4.23,few clouds
325,Yerofey Pavlovich,RU,53.9667,121.9667,50.76,63,3,2.28,clear sky
326,Atagay,RU,55.1033,99.3875,49.5,97,100,13.6,moderate rain
327,Tuatapere,NZ,-46.1333,167.6833,39.92,89,6,3.85,clear sky
328,Sydney,AU,-33.8679,151.2073,49.3,76,0,5.99,clear sky
329,Lorengau,PG,-2.0226,147.2712,80.29,80,74,4.07,broken clouds
330,Hwange,ZW,-18.3693,26.5019,61.02,37,0,2.08,clear sky
331,Hirara,JP,24.8,125.2833,82.02,87,100,26.73,light rain
332,Vila Do Maio,CV,15.1333,-23.2167,83.19,86,8,18.81,clear sky
333,Evensk,RU,61.95,159.2333,41.29,95,100,3.58,light rain
334,Clyde River,CA,70.4692,-68.5914,30.43,93,90,14.97,light snow
335,Caramay,PH,10.1815,119.236,80.38,85,76,2.3,broken clouds
336,Tecoanapa,MX,16.5167,-98.75,87.08,60,94,3.76,overcast clouds
337,Hualmay,PE,-11.0964,-77.6139,69.48,69,39,10.18,scattered clouds
338,Culebra,PR,18.303,-65.301,87.89,76,100,20.87,overcast clouds
339,Massakory,TD,12.996,15.7293,95.31,34,78,4.83,broken clouds
340,Bac Lieu,VN,9.285,105.7244,83.25,77,100,9.73,overcast clouds
341,The Valley,AI,18.217,-63.0578,87.66,70,20,18.41,few clouds
342,Naze,JP,28.3667,129.4833,72.27,89,100,4.83,light rain
343,Jumla,NP,29.2747,82.1838,56.39,84,66,2.82,broken clouds
344,Half Moon Bay,US,37.4636,-122.4286,69.33,68,20,1.01,haze
345,Rodos,GR,36.4408,28.2225,83.82,44,20,13.0,few clouds
346,Xining,CN,36.6167,101.7667,59.5,35,100,1.88,overcast clouds
347,Shingu,JP,33.7333,135.9833,66.88,89,100,5.35,overcast clouds
348,San-Pedro,CI,4.7485,-6.6363,81.88,77,92,10.47,light rain
349,Zyryanka,RU,65.75,150.85,54.34,46,0,27.42,clear sky
350,Leningradskiy,RU,69.3833,178.4167,33.51,94,100,10.04,overcast clouds
351,Morros,BR,-9.4467,-46.3003,91.09,31,88,10.11,overcast clouds
352,Hudesti,RO,48.15,26.5,63.52,84,100,4.61,overcast clouds
353,Kendal,GB,54.3268,-2.7476,66.72,68,13,7.43,few clouds
354,Batemans Bay,AU,-35.7167,150.1833,49.91,68,45,5.19,scattered clouds
355,Ulaangom,MN,49.9811,92.0667,49.08,41,24,30.6,few clouds
356,Esna,EG,25.2934,32.554,89.44,14,10,14.67,clear sky
357,Ulladulla,AU,-35.35,150.4667,51.1,65,57,6.26,broken clouds
358,Buraydah,SA,26.326,43.975,109.85,6,16,5.32,few clouds
359,Grand Gaube,MU,-20.0064,57.6608,74.37,82,6,1.99,clear sky
360,Kodinsk,RU,58.6881,99.1844,42.94,55,72,2.93,broken clouds
361,Dungarvan,IE,52.0881,-7.6253,63.61,83,89,8.08,overcast clouds
362,Vaitape,PF,-16.5167,-151.75,80.92,73,99,8.34,overcast clouds
363,Hay River,CA,60.8156,-115.7999,44.58,87,75,3.44,fog
364,Mombetsu,JP,44.3525,143.3525,53.67,68,0,5.84,clear sky
365,Jutai,BR,-5.1833,-68.9,88.11,62,86,1.79,overcast clouds
366,San Policarpo,PH,12.1791,125.5072,78.48,88,99,4.27,light rain
367,Sorong,ID,-0.8833,131.25,77.83,91,92,5.79,overcast clouds
368,Pacific Grove,US,36.6177,-121.9166,66.25,76,20,5.01,few clouds
369,Port Blair,IN,11.6667,92.75,84.18,77,100,12.06,overcast clouds
370,Provideniya,RU,64.3833,-173.3,36.66,92,100,4.41,overcast clouds
371,Carauari,BR,-4.8828,-66.8958,87.64,62,53,3.18,broken clouds
372,Leh,IN,34.1667,77.5833,53.31,34,82,4.03,broken clouds
373,Grindavik,IS,63.8424,-22.4338,53.56,93,90,21.79,light intensity drizzle rain
374,Ahipara,NZ,-35.1667,173.1667,59.52,86,100,16.8,moderate rain
375,Casablanca,MA,33.5928,-7.6192,77.22,64,0,17.0,clear sky
376,Belmonte,BR,-15.8631,-38.8828,82.9,67,38,10.18,scattered clouds
377,Pontianak,ID,-0.0333,109.3333,78.78,94,75,2.57,broken clouds
378,Pokaran,IN,26.9167,71.9167,98.82,28,14,5.1,few clouds
379,Trelew,AR,-43.249,-65.3051,52.29,40,1,25.17,clear sky
380,Manaquiri,BR,-3.3167,-60.35,86.49,55,12,5.95,moderate rain
381,Mandal,IN,25.45,74.5667,82.44,52,87,12.26,overcast clouds
382,Camapua,BR,-19.5314,-54.0439,92.25,17,21,12.19,few clouds
383,Lompoc,US,34.6391,-120.4579,69.13,87,90,1.01,mist
384,Constitucion,CL,-35.3333,-72.4167,57.4,53,69,10.07,broken clouds
385,Road Town,VG,18.4167,-64.6167,84.24,70,20,13.8,few clouds
386,Galveston,US,29.3669,-94.9669,87.06,78,40,1.01,scattered clouds
387,Virginia Beach,US,36.8529,-75.978,87.06,68,75,0.0,broken clouds
388,Coquimbo,CL,-29.9533,-71.3436,60.53,77,75,3.78,broken clouds
389,Grajau,BR,-5.8194,-46.1386,89.51,45,10,7.11,clear sky
390,Mathbaria,BD,22.2876,89.9593,85.66,82,100,11.01,overcast clouds
391,Lasa,IT,46.6166,10.7002,65.62,79,62,1.9,light rain
392,Chokwe,MZ,-24.5333,32.9833,60.44,81,52,5.68,broken clouds
393,Chegdomyn,RU,51.1167,133.0167,40.42,89,31,2.06,scattered clouds
394,Sri Aman,MY,1.2376,111.4621,78.85,94,81,0.0,moderate rain
395,Tsiroanomandidy,MG,-18.7667,46.0333,62.55,70,21,3.24,few clouds
396,Werda,BW,-25.2667,23.2833,55.53,29,0,9.51,clear sky
397,Turbat,PK,26.0023,63.044,85.12,67,0,9.22,clear sky
398,Katherine,AU,-14.4667,132.2667,62.92,55,4,6.11,clear sky
399,Mandalgovi,MN,45.7625,106.2708,68.07,26,100,12.88,overcast clouds
400,Altay,CN,47.8667,88.1167,45.91,69,6,10.94,clear sky
401,Nyurba,RU,63.2842,118.3319,47.07,75,100,3.74,overcast clouds
402,Northam,GB,51.0333,-4.2167,66.15,88,97,4.81,overcast clouds
403,Nouakchott,MR,18.0858,-15.9785,103.93,44,7,15.28,clear sky
404,Calabozo,VE,8.9242,-67.4293,74.77,94,100,6.98,overcast clouds
405,Port Hueneme,US,34.1478,-119.1951,75.13,81,90,3.44,overcast clouds
406,Cruz Alta,BR,-28.6386,-53.6064,82.38,51,98,15.19,overcast clouds
407,Knin,HR,44.0439,16.2,78.67,58,2,4.85,clear sky
408,Yaan,NG,7.3833,8.5667,78.46,77,76,8.08,broken clouds
409,Assiniboia,CA,49.6334,-105.9845,78.62,22,96,16.6,overcast clouds
410,Calca,PE,-13.3333,-71.95,61.95,55,24,4.25,few clouds
411,Ankara,TR,39.9199,32.8543,61.99,46,75,3.0,broken clouds
412,Jibuti,DJ,11.5,42.5,85.42,40,0,10.94,clear sky
413,Buin,CL,-33.7333,-70.75,62.92,37,61,2.08,broken clouds
414,Zavetnoye,RU,47.1194,43.8903,58.14,83,100,5.68,light rain
415,Ostrovnoy,RU,68.0531,39.5131,43.7,78,83,15.61,broken clouds
416,Panaba,MX,21.2833,-88.2667,93.33,43,94,9.35,overcast clouds
417,Port Hardy,CA,50.6996,-127.4199,50.0,93,90,2.3,light rain
418,Tual,ID,-5.6667,132.75,80.91,78,94,18.41,overcast clouds
419,Tabas,IR,33.5959,56.9244,100.98,6,0,7.87,clear sky
420,Talnakh,RU,69.4865,88.3972,26.26,97,94,3.69,overcast clouds
421,Ketchikan,US,55.3422,-131.6461,48.18,94,100,5.57,moderate rain
422,Vangaindrano,MG,-23.35,47.6,67.91,88,19,9.31,light rain
423,Tadine,NC,-21.55,167.8833,71.2,82,95,4.18,light rain
424,Hervey Bay,AU,-25.2986,152.8535,56.03,82,0,3.0,clear sky
425,Sechelt,CA,49.4664,-123.7694,60.84,80,83,4.79,broken clouds
426,Odweyne,SO,9.4092,45.064,78.62,49,44,13.53,scattered clouds
427,Khandyga,RU,62.6667,135.6,57.52,56,39,2.91,scattered clouds
428,Berezanka,UA,46.8526,31.388,65.55,60,76,5.61,broken clouds
429,Safut,JO,32.0336,35.8332,74.98,49,0,7.52,clear sky
430,Soure,BR,-0.7167,-48.5233,83.75,72,2,9.48,clear sky
431,Bolshoye Nagatkino,RU,54.5196,47.9679,70.77,81,80,10.13,broken clouds
432,Oussouye,SN,12.485,-16.5469,96.98,52,92,11.79,overcast clouds
433,Salinopolis,BR,-0.6136,-47.3561,85.53,66,10,11.83,clear sky
434,Santa Maria,BR,-29.6842,-53.8069,85.3,42,0,14.32,clear sky
435,Palmer,US,42.1584,-72.3287,89.15,52,20,5.01,few clouds
436,Churachandpur,IN,24.3333,93.6667,65.44,97,77,0.87,broken clouds
437,Klichka,RU,50.4457,117.996,55.67,52,17,1.59,few clouds
438,Dingle,PH,10.9995,122.6711,76.28,93,46,2.13,light rain
439,Marabba,SD,12.35,32.1833,88.99,43,54,14.25,light rain
440,Abdulino,RU,53.7,53.6667,54.39,71,62,7.0,broken clouds
441,Barentu,ER,15.1139,37.5928,93.36,17,53,12.21,broken clouds
442,Galle,LK,6.0367,80.217,80.22,85,82,12.53,broken clouds
443,Dudinka,RU,69.4058,86.1778,30.02,94,99,6.35,overcast clouds
444,Cayenne,GF,4.9333,-52.3333,82.44,86,75,7.0,broken clouds
445,Paraibano,BR,-6.4331,-43.9836,91.92,34,37,7.99,scattered clouds
446,Hobyo,SO,5.3505,48.5268,78.96,80,13,24.29,few clouds
447,Nola,IT,40.922,14.5329,77.31,45,98,3.0,overcast clouds
448,Merauke,ID,-8.4667,140.3333,74.95,87,89,9.66,overcast clouds
449,South Sioux City,US,42.4739,-96.4136,90.75,41,1,5.99,clear sky
450,Vao,NC,-22.6667,167.4833,71.17,82,100,23.53,overcast clouds
451,Kumluca,TR,36.3703,30.2869,71.47,62,22,5.21,few clouds
452,Mareeba,AU,-17.0,145.4333,63.32,90,58,2.15,broken clouds
453,La Massana,AD,42.5667,1.4833,64.15,76,99,2.53,overcast clouds
454,Floro,NO,61.5996,5.0328,59.97,94,75,6.91,light rain
455,Neuquen,AR,-38.9516,-68.0591,55.29,41,0,9.22,clear sky
456,San Diego De La Union,MX,21.4667,-100.8667,76.1,38,65,2.46,broken clouds
457,Dali,CN,25.7,100.1833,63.36,83,31,3.58,scattered clouds
458,Yingcheng,CN,30.95,113.55,77.05,84,0,7.29,clear sky
459,Moron,AR,-34.6534,-58.6198,60.96,61,100,9.48,overcast clouds
460,Doha,QA,25.2867,51.5333,107.58,16,0,10.36,clear sky
461,Solginskiy,RU,61.05,41.3428,69.37,59,14,2.48,few clouds
462,Imbituba,BR,-28.24,-48.6703,76.89,56,0,10.98,clear sky
463,Consuegra,ES,39.4625,-3.608,66.74,44,100,11.68,overcast clouds
464,Lakefield,US,43.6775,-95.1717,89.31,33,1,15.21,clear sky
465,Lavumisa,SZ,-27.31,31.892,60.12,76,30,3.38,scattered clouds
466,Acapulco,MX,16.8634,-99.8901,89.42,62,40,5.79,scattered clouds
467,Maryborough,AU,-25.5333,152.7,55.11,85,0,4.68,clear sky
468,Vanimo,PG,-2.6741,141.3028,75.22,87,68,4.0,broken clouds
469,Tahlequah,US,35.9154,-94.97,77.43,73,1,4.61,clear sky
470,Basco,PH,20.4487,121.9702,83.93,82,100,19.24,overcast clouds
471,Kuching,MY,1.55,110.3333,77.22,94,20,1.14,few clouds
472,Seoul,KR,37.5683,126.9778,65.71,91,75,3.24,mist
473,Sembakung,ID,3.8167,117.25,74.93,94,100,1.19,overcast clouds
474,Qujing,CN,25.4833,103.7833,61.63,87,70,2.46,broken clouds
475,Bandar-E Lengeh,IR,26.5579,54.8807,93.31,62,0,4.61,clear sky
476,Antsohihy,MG,-14.8796,47.9875,73.83,87,83,3.0,light rain
477,Ratnagiri,IN,16.9833,73.3,80.87,82,97,3.4,overcast clouds
478,Srednekolymsk,RU,67.45,153.6833,59.81,42,4,17.07,clear sky
479,Harper,LR,4.375,-7.7169,80.98,82,52,10.07,light rain
480,Torbay,CA,47.6666,-52.7314,58.87,90,90,8.05,mist
481,Kukuna,SL,9.4,-12.6667,90.19,56,49,6.73,light rain
482,Sola,VU,-13.8833,167.55,79.18,74,89,9.35,overcast clouds
483,San Quintin,MX,30.4833,-115.95,67.71,65,10,8.77,clear sky
484,Kifri,IQ,34.6959,44.9661,95.52,11,0,11.61,clear sky
485,Grand Baie,MU,-20.0182,57.5802,74.44,82,7,1.99,clear sky
486,Peterhead,GB,57.5058,-1.7981,68.45,80,2,13.53,clear sky
487,Danielskuil,ZA,-28.1887,23.5395,47.82,20,0,8.37,clear sky
488,San Isidro,PE,-12.1167,-77.05,66.25,92,90,9.71,overcast clouds
489,Camacha,PT,33.0833,-16.3333,66.96,64,75,14.97,broken clouds
490,Praia,CV,14.9215,-23.5087,82.94,51,0,27.63,clear sky
491,Aksarka,RU,66.5606,67.7975,46.85,47,86,11.36,overcast clouds
492,Thinadhoo,MV,0.5333,72.9333,83.07,78,100,14.83,overcast clouds
493,Henties Bay,NA,-22.116,14.2845,71.62,42,0,8.08,clear sky
494,Abu Samrah,SY,35.3029,37.1841,77.68,32,0,14.07,clear sky
495,Margate,GB,51.3813,1.3862,71.46,82,57,6.24,broken clouds
496,Panguipulli,CL,-39.6333,-72.3333,38.91,78,81,0.78,broken clouds
497,Port Lincoln,AU,-34.7333,135.8667,57.94,92,63,11.92,broken clouds
498,Kayerkan,RU,69.3497,87.7602,25.16,96,94,3.67,overcast clouds
499,Ornskoldsvik,SE,63.2909,18.7153,73.22,46,90,4.54,overcast clouds
500,Vermilion,US,40.1667,-87.7506,84.72,43,40,3.0,scattered clouds
501,Kailua,US,21.4022,-157.7394,76.14,69,21,16.2,few clouds
502,Arrifes,PT,37.7667,-25.7,66.45,73,20,11.5,few clouds
503,Sorland,NO,67.667,12.6934,48.58,86,18,16.28,few clouds
504,Alice Springs,AU,-23.7,133.8833,40.55,70,0,5.61,clear sky
505,Maues,BR,-3.3836,-57.7186,86.74,67,30,2.53,scattered clouds
506,Wamba,NG,8.9333,8.6,81.16,71,91,3.87,overcast clouds
507,Karasjok,NO,69.4719,25.5112,50.11,36,11,12.37,few clouds
508,Dalbandin,PK,28.8947,64.4101,94.44,11,0,10.96,clear sky
509,Atikokan,CA,48.7555,-91.6216,83.19,44,26,4.07,scattered clouds
510,Quesnel,CA,52.9999,-122.5029,54.1,71,75,4.61,broken clouds
511,Ocos,GT,14.5094,-92.1933,93.31,69,100,5.77,overcast clouds
512,Parsons,US,37.3403,-95.2611,80.98,67,77,11.81,broken clouds
513,Bella Vista,US,36.4295,-94.2316,78.06,72,1,1.01,clear sky
514,Tessalit,ML,20.1986,1.0114,109.18,6,0,17.74,clear sky
515,Kashi,CN,39.4547,75.9797,83.41,15,40,4.25,scattered clouds
516,Denia,ES,38.8408,0.1057,73.54,86,60,7.0,broken clouds
517,Komsomolskiy,UZ,40.4272,71.7189,86.72,26,16,9.22,few clouds
518,Manokwari,ID,-0.8667,134.0833,77.45,83,100,4.45,overcast clouds
519,Kattivakkam,IN,13.2167,80.3167,86.07,84,100,12.5,overcast clouds
520,Siilinjarvi,FI,63.0833,27.6667,75.22,38,0,2.15,clear sky
521,Labuhan,ID,-6.8844,112.2051,79.61,82,50,7.07,scattered clouds
522,Lethbridge,CA,49.7,-112.8186,73.85,21,40,3.0,scattered clouds
523,Lodwar,KE,3.1191,35.5973,90.45,32,37,11.54,scattered clouds
524,Ontario,US,34.0633,-117.6509,85.39,72,40,5.75,haze
525,Inongo,CD,-1.95,18.2667,77.23,63,42,3.91,scattered clouds
526,Arroyo,ES,41.6096,-4.7969,78.15,25,0,1.01,clear sky
527,Kabare,CD,-2.4683,28.8242,62.44,93,80,2.89,broken clouds
528,Tezu,IN,27.9167,96.1667,71.51,97,99,3.22,overcast clouds
529,Gotsu,JP,35.0,132.2167,63.25,72,100,4.68,overcast clouds
530,Makat,KZ,47.6469,53.3463,78.89,39,74,17.07,broken clouds
531,Onega,RU,63.9061,38.1404,66.76,51,70,2.8,broken clouds
532,Takoradi,GH,4.8845,-1.7554,82.27,73,56,11.79,broken clouds
533,Grenfell,AU,-33.9,148.1667,35.91,74,65,2.19,broken clouds
534,Sungaipenuh,ID,-2.0833,101.3833,64.33,96,66,1.1,broken clouds
535,Podhum,BA,43.7231,17.0011,69.08,73,37,5.19,scattered clouds
536,Talara,PE,-4.5772,-81.2719,75.96,69,0,17.27,clear sky
537,Slave Lake,CA,55.2834,-114.769,57.18,67,1,9.22,clear sky
538,Chapayevka,UA,47.4711,36.3451,62.04,79,100,6.53,overcast clouds
539,San Carlos De Bariloche,AR,-41.1456,-71.3082,42.55,61,75,9.13,broken clouds
540,Kununurra,AU,-15.7667,128.7333,62.58,51,24,0.0,few clouds
541,Lillooet,CA,50.6856,-121.942,59.76,60,100,4.81,overcast clouds
542,Wajir,KE,1.7471,40.0573,85.89,41,98,10.36,overcast clouds
543,Willmar,US,45.1219,-95.0433,92.88,34,40,10.36,scattered clouds
544,Puerto El Triunfo,SV,13.2833,-88.55,89.76,64,63,10.45,broken clouds
545,Moroni,KM,-11.7022,43.2551,77.09,81,71,18.14,light rain
546,Alugan,PH,12.2188,125.4808,78.04,89,99,4.21,overcast clouds
547,Olot,ES,42.181,2.4901,76.8,10,100,2.44,overcast clouds
548,Sumenep,ID,-7.0167,113.8667,79.84,78,47,7.85,scattered clouds
549,Gigmoto,PH,13.7796,124.39,81.5,81,64,5.73,broken clouds
550,Koungheul,SN,13.9833,-14.8,106.74,19,75,7.09,broken clouds
551,Hofn,IS,64.2539,-15.2082,48.67,82,98,5.75,overcast clouds
552,Mugur-Aksy,RU,50.35,90.5,32.23,69,33,9.93,snow
553,Edd,ER,13.9297,41.6925,90.41,62,5,7.9,clear sky
554,Darnah,LY,32.767,22.6367,71.06,68,4,16.4,clear sky
555,Aguimes,ES,27.9054,-15.4461,70.75,71,20,26.46,few clouds
556,Wewak,PG,-3.5534,143.6268,76.24,90,23,7.85,few clouds
557,Bumbuna,SL,9.05,-11.7333,86.7,68,83,2.64,light rain
558,Guadalupe Y Calvo,MX,26.1,-106.9667,73.53,22,0,6.38,clear sky
559,Adrar,MR,20.5022,-10.0711,104.23,12,3,18.95,clear sky
560,Pangkalanbuun,ID,-2.6833,111.6167,77.94,88,70,2.57,broken clouds
561,Apen,DE,53.2167,7.8,70.32,90,100,7.74,overcast clouds
562,Tilichiki,RU,60.4667,166.1,39.6,87,99,0.27,overcast clouds
563,Masvingo,ZW,-20.0637,30.8277,48.6,84,84,5.41,broken clouds
564,Iquitos,PE,-3.7481,-73.2472,86.04,70,75,3.44,broken clouds
565,Paracuru,BR,-3.41,-39.0306,87.82,56,0,11.95,clear sky
566,Itaituba,BR,-4.2761,-55.9836,93.36,55,40,4.27,scattered clouds
567,Svetlyy,RU,54.675,20.1347,66.25,75,19,7.07,few clouds
568,Cacu,BR,-18.5567,-51.1308,89.51,22,31,10.92,scattered clouds
569,Boyolangu,ID,-8.1181,111.8935,76.1,93,74,2.42,broken clouds
570,Lagoa,PT,39.05,-27.9833,63.16,80,0,1.92,clear sky
571,Vizinga,RU,61.0749,50.1031,67.91,54,39,5.41,scattered clouds
572,Nishihara,JP,26.1842,127.7558,78.85,97,75,8.97,broken clouds
573,Clonakilty,IE,51.6231,-8.8706,63.09,78,91,8.05,overcast clouds
574,Syedove,UA,47.0768,38.156,66.99,76,100,17.07,overcast clouds
575,Bambanglipuro,ID,-7.95,110.2833,61.61,91,81,4.65,broken clouds
576,Baoqing,CN,46.3317,132.2111,52.66,91,97,3.15,overcast clouds
577,Nampula,MZ,-15.1165,39.2666,67.95,77,75,9.22,broken clouds
578,Yagodnoye,RU,62.55,149.6667,44.47,69,49,7.16,scattered clouds
579,Bilibino,RU,68.0546,166.4372,54.19,56,89,6.4,overcast clouds
580,Pilna,RU,55.5539,45.9219,59.61,83,44,8.3,scattered clouds
581,Innisfail,AU,-17.5333,146.0333,65.16,81,68,5.41,broken clouds
582,Konongo,GH,6.6167,-1.2167,88.56,49,64,6.51,broken clouds
583,Dryden,CA,49.7833,-92.7503,77.29,50,1,8.05,clear sky
584,Farafangana,MG,-22.8167,47.8333,70.81,84,73,12.24,light rain
585,Boguchany,RU,58.3814,97.4531,43.48,56,88,2.89,overcast clouds
586,Coxim,BR,-18.5067,-54.76,95.13,19,22,12.15,few clouds
587,Burgersdorp,ZA,-30.9977,26.3286,45.3,25,0,2.39,clear sky
588,Zhenlai,CN,45.8495,123.2973,53.46,85,82,6.91,broken clouds
589,Fairbanks,US,64.8378,-147.7164,56.08,67,1,5.75,clear sky
590,Bibiani,GH,6.4635,-2.3194,86.23,58,55,5.03,broken clouds
591,Kachiry,KZ,53.0675,76.1036,54.48,56,3,5.14,clear sky
592,Namatanai,PG,-3.6667,152.4333,79.2,84,33,7.05,light rain
593,Nhulunbuy,AU,-12.2333,136.7667,74.01,73,44,9.22,scattered clouds
594,Beringovskiy,RU,63.05,179.3167,40.95,81,100,7.9,overcast clouds
595,Mackay,AU,-21.15,149.2,52.68,87,7,6.91,clear sky
596,Mahanoro,MG,-19.9,48.8,72.9,88,45,0.22,light rain
597,Kirensk,RU,57.7853,108.1119,51.66,96,100,8.14,moderate rain
598,Baza,ES,37.4907,-2.7726,67.73,70,99,1.7,overcast clouds
599,Inta,RU,66.0317,60.1659,54.7,65,100,3.74,overcast clouds
600,Praya,CV,14.9215,-23.5087,82.94,51,0,27.63,clear sky
601,Weligama,LK,5.9667,80.4167,79.07,87,82,11.18,broken clouds
602,Bereda,ES,43.2686,-7.5406,72.41,63,8,7.36,clear sky
603,Ghanzi,BW,-21.5667,21.7833,55.53,41,0,9.48,clear sky
604,Kalmunai,LK,7.4167,81.8167,80.78,78,83,3.94,broken clouds
605,Camabatela,AO,-8.1881,15.375,69.17,41,100,4.83,overcast clouds
606,Mazagao,BR,-0.115,-51.2894,91.45,56,12,5.82,few clouds
607,Hopelchen,MX,19.7667,-89.85,87.08,36,98,5.93,overcast clouds
608,Matcha,RU,54.6335,42.3501,59.5,91,83,10.38,broken clouds
609,Lindi,TZ,-10.0,39.7167,74.64,74,21,6.49,few clouds
610,Bukama,CD,-9.2,25.85,81.7,37,46,6.11,scattered clouds
611,Guozhen,CN,34.3659,107.359,74.55,40,38,3.71,scattered clouds
612,Sao Jose Da Coroa Grande,BR,-8.8978,-35.1478,79.54,80,11,12.71,few clouds
613,Cervo,ES,43.6702,-7.4101,73.2,72,6,9.69,clear sky
614,Salamanca,ES,40.8333,-6.0,79.0,21,23,12.41,few clouds
615,Kisangani,CD,0.5167,25.2,80.96,83,75,2.3,moderate rain
616,Puerto Madero,MX,14.7208,-92.4215,79.0,100,75,6.91,broken clouds
617,Soe,ID,-9.8607,124.284,64.67,95,36,3.94,scattered clouds
618,Pahrump,US,36.2083,-115.9839,96.69,16,0,1.01,clear sky
619,Teguise,ES,29.0605,-13.564,71.82,50,20,21.72,few clouds
620,Inverell,AU,-29.7833,151.1167,40.15,84,35,1.99,scattered clouds
621,Saint-Georges,GD,12.0564,-61.7485,76.68,94,75,18.41,broken clouds
622,Troon,GB,55.5436,-4.6634,66.02,73,40,12.66,scattered clouds
623,Gulu,UG,2.7746,32.299,67.19,90,50,3.56,light rain
624,Kimbe,PG,-5.5502,150.1429,74.62,92,93,4.63,overcast clouds
625,Banjar,ID,-8.19,114.9675,80.46,90,59,2.04,broken clouds
626,Cairns,AU,-16.9167,145.7667,67.95,82,40,6.91,scattered clouds
627,Concord,US,37.978,-122.0311,72.05,56,1,3.0,clear sky
628,Meulaboh,ID,4.1363,96.1285,76.66,85,100,3.74,overcast clouds
629,Salalah,OM,17.0151,54.0924,84.29,84,40,5.75,scattered clouds
630,Shemonaikha,KZ,50.6328,81.9056,46.72,77,29,1.52,scattered clouds
631,Gunjur,GM,13.2019,-16.7339,87.87,58,97,14.79,overcast clouds
632,Besancon,FR,47.2488,6.0182,66.65,96,100,5.06,overcast clouds
633,Honiara,SB,-9.4333,159.95,77.16,85,82,2.73,broken clouds
634,Rognan,NO,67.0953,15.3878,66.76,46,8,5.88,clear sky
635,Lufilufi,WS,-13.8745,-171.5986,73.18,76,17,3.94,light rain
636,Jalu,LY,29.0331,21.5482,87.71,14,0,11.25,clear sky
637,Erzincan,TR,39.75,39.5,72.7,28,40,6.91,scattered clouds
638,Mbanza-Ngungu,CD,-5.25,14.8667,76.12,67,69,4.34,broken clouds
639,Vitim,RU,59.4511,112.5578,51.4,92,100,7.09,light rain
640,Uyskoye,RU,54.3775,60.0047,52.83,57,0,4.0,clear sky
641,Los Llanos De Aridane,ES,28.6585,-17.9182,68.13,67,40,12.12,scattered clouds
642,Ojinaga,MX,29.5667,-104.4167,87.57,34,1,3.44,clear sky
643,Namie,JP,37.4833,141.0,66.72,94,100,3.96,overcast clouds
644,La Ronge,CA,55.1001,-105.2842,68.22,55,75,6.91,broken clouds
645,Mehamn,NO,71.0357,27.8492,42.35,75,62,17.09,broken clouds
646,Gola Gokarannath,IN,28.0833,80.4667,92.43,30,49,8.16,scattered clouds
647,Santa Isabel Do Rio Negro,BR,-0.4139,-65.0192,89.2,56,30,4.34,scattered clouds
648,Ternate,ID,0.8,127.4,80.67,79,67,4.45,broken clouds
649,Pasuquin,PH,18.3328,120.6177,82.04,79,100,8.95,overcast clouds
650,La Primavera,CO,5.4906,-70.4092,82.42,76,79,4.16,broken clouds
651,North Platte,US,41.1239,-100.7654,84.33,59,1,0.0,clear sky
652,Abha,SA,18.2164,42.5053,75.45,50,0,5.35,clear sky
653,Minab,IR,27.1467,57.0801,90.9,65,0,4.92,clear sky
654,Akdepe,TM,42.0551,59.3788,93.29,34,0,18.14,clear sky
655,Moa,CU,20.6569,-74.9403,85.15,66,43,15.21,scattered clouds
656,Lusambo,CD,-4.9667,23.45,83.61,43,90,1.54,overcast clouds
657,Yining,CN,29.0361,114.5636,64.69,78,12,2.44,few clouds
658,Marolambo,MG,-20.05,48.1167,63.64,98,55,2.21,light rain
659,Arman,RU,59.7,150.1667,40.68,94,100,8.9,light rain
660,Novikovo,RU,51.1537,37.8879,55.89,95,99,5.7,light rain
661,Kremenchuk,UA,49.0973,33.4197,61.52,80,48,7.47,scattered clouds
662,Maridi,SS,4.9158,29.4742,71.06,90,80,0.18,light rain
663,Kutum,SD,14.2,24.6667,88.56,13,21,13.78,few clouds
664,Mayo,US,38.8876,-76.5119,91.36,49,1,1.99,clear sky
665,Sechura,PE,-5.5569,-80.8222,76.35,59,23,7.2,few clouds
666,Lavrentiya,RU,65.5833,-171.0,32.27,90,96,9.62,overcast clouds
667,Pascagoula,US,30.3658,-88.5561,80.6,79,90,11.1,overcast clouds
668,Hovd,MN,48.0056,91.6419,53.89,30,20,13.82,few clouds
669,Caravelas,BR,-17.7125,-39.2481,78.57,73,33,8.43,scattered clouds
670,Talaya,RU,61.3833,152.75,39.0,78,89,6.2,overcast clouds
671,Poopo,BO,-18.3667,-66.9667,52.97,24,8,11.95,clear sky
672,Mattru,SL,7.6244,-11.8332,82.11,83,99,3.94,moderate rain
673,Chiredzi,ZW,-21.05,31.6667,58.77,61,74,5.39,broken clouds
674,Melfi,IT,40.9965,15.6514,81.16,45,95,6.29,overcast clouds
675,Gambela,ET,8.25,34.5833,77.52,72,34,1.16,light rain
676,Nicolas Bravo,MX,18.45,-88.9167,88.95,55,100,6.13,overcast clouds
677,San Rafael,AR,-34.6177,-68.3301,53.89,52,0,7.05,clear sky
678,Gobabis,NA,-22.45,18.9667,54.99,37,0,11.34,clear sky
679,Touros,BR,-5.1989,-35.4608,86.9,61,14,16.55,few clouds
680,Izumo,JP,35.3667,132.7667,67.95,74,100,5.88,overcast clouds
681,Husavik,IS,66.0449,-17.3389,64.31,73,53,8.9,broken clouds
682,Grand-Bourg,GP,15.8835,-61.3148,90.45,77,100,18.12,overcast clouds
683,Muriti,TZ,-1.9833,32.9167,80.71,64,73,0.81,broken clouds
684,Comodoro Rivadavia,AR,-45.8667,-67.5,49.86,53,0,16.11,clear sky
685,Warrnambool,AU,-38.3833,142.4833,51.82,83,90,11.41,overcast clouds
686,Tarpon Springs,US,28.1461,-82.7568,90.12,68,40,3.0,scattered clouds
687,Aden,YE,12.7794,45.0367,91.15,55,4,3.53,clear sky
688,Khani,GE,41.9563,42.9566,56.77,98,88,2.1,overcast clouds
689,Adre,TD,13.4667,22.2,92.5,15,91,5.55,overcast clouds
690,Grand Forks,US,47.9417,-97.4337,81.59,55,40,4.61,scattered clouds
691,Sept-Iles,CA,50.2001,-66.3821,52.25,96,90,3.0,overcast clouds
692,Alekseyevka,RU,50.6309,38.6903,56.01,95,100,4.85,overcast clouds
693,San Jeronimo,PE,-11.9472,-75.2829,60.84,43,11,3.56,few clouds
694,San Andres,CO,12.5847,-81.7006,87.82,66,20,13.8,few clouds
695,Verkhnyaya Inta,RU,65.9811,60.3094,54.12,68,100,2.77,overcast clouds
696,Gayeri,BF,12.6497,0.4931,103.78,21,31,7.16,scattered clouds
697,Custodia,BR,-8.0875,-37.6431,83.35,48,37,15.7,scattered clouds
698,Bouca,CF,6.5105,18.2733,72.57,91,70,3.94,broken clouds
699,Port Macquarie,AU,-31.4333,152.9167,45.37,80,32,4.9,scattered clouds
700,Okha,RU,53.5739,142.9478,34.34,97,100,14.32,light rain
701,Morwa,IN,22.9,73.8333,83.37,61,94,2.98,overcast clouds
702,Brignoles,FR,43.4,6.0667,80.31,42,63,8.9,broken clouds
703,Raudeberg,NO,61.9875,5.1352,58.87,92,99,3.56,light rain
704,Kaduqli,SD,11.0167,29.7167,86.0,48,73,9.69,broken clouds
705,Izmit,TR,40.7669,29.9169,71.96,46,20,3.89,few clouds
706,Sheregesh,RU,52.9209,87.9869,38.93,99,100,3.58,moderate rain
707,Carlisle,US,40.2015,-77.1889,89.02,43,12,9.48,few clouds
708,Zhezkazgan,KZ,47.8043,67.7144,63.7,30,90,21.59,overcast clouds
709,Nongan,CN,44.382,125.1685,55.81,90,69,7.16,broken clouds
710,Inuvik,CA,68.3499,-133.7218,34.66,83,90,11.5,overcast clouds
711,General Cepeda,MX,25.3833,-101.45,69.21,27,1,4.14,clear sky
712,Altona,DE,53.55,9.9333,77.41,73,75,13.8,broken clouds
713,Sabang,ID,5.8933,95.3214,83.26,73,100,15.7,overcast clouds
